"Outer_Iter",   "rms[Rho][0]"  ,  "rms[RhoU][0]"  ,  "rms[RhoV][0]"  ,  "rms[RhoE][0]"  ,    "rms[k][0]"   ,    "rms[w][0]"   ,    "rms[T][1]"   
           0,      -1.748408063,      0.7373867899,      -13.30910931,       3.997786918,      -3.059601163,       5.182733065,      -4.476567312
